,Timestamp,DL_Throughput_Mbps,UL_Throughput_Mbps,Latency_ms,Jitter_ms
0,2022-05-29 07:03:00,1.18,0.35,10.1332521705879,0.893
1,2022-05-29 07:04:00,0.62,0.19,8.663738214560144,0.917
2,2022-05-29 07:05:00,0.72,0.22,8.628313065644384,1.118
3,2022-05-29 07:06:00,1.03,0.31,8.272503034095063,0.787
4,2022-05-29 07:07:00,1.2,0.36,11.930767478263498,1.732
5,2022-05-29 07:08:00,1.39,0.42,10.422217861156719,1.105
6,2022-05-29 07:09:00,1.35,0.4,10.36782782174548,1.464
7,2022-05-29 07:10:00,1.66,0.5,13.374537534627276,0.708
8,2022-05-29 07:11:00,1.36,0.41,12.576884242008168,1.369
9,2022-05-29 07:12:00,1.51,0.45,15.32490886236339,0.533
10,2022-05-29 07:13:00,1.39,0.42,10.39413540540004,2.4
11,2022-05-29 07:14:00,1.21,0.36,10.981794434334448,1.623
12,2022-05-29 07:15:00,1.38,0.41,10.68764081127939,1.151
13,2022-05-29 07:16:00,1.51,0.45,14.071269254448893,1.723
14,2022-05-29 07:17:00,1.4,0.42,11.316501972356422,1.798
15,2022-05-29 07:18:00,1.46,0.44,13.468339769784118,0.564
16,2022-05-29 07:19:00,1.46,0.44,14.34819027009452,1.011
17,2022-05-29 07:20:00,1.23,0.37,9.170077885010928,0.576
18,2022-05-29 07:21:00,1.51,0.45,13.004696895588705,1.086
19,2022-05-29 07:22:00,1.66,0.5,13.582020961107153,0.935
20,2022-05-29 07:23:00,1.4,0.42,12.731707267629076,1.545
21,2022-05-29 07:24:00,1.43,0.43,11.140317067260119,1.439
22,2022-05-29 07:25:00,1.42,0.43,11.943528702748077,0.556
23,2022-05-29 07:26:00,1.23,0.37,11.996516404026186,1.15
24,2022-05-29 07:27:00,1.25,0.38,10.150684745673214,0.771
25,2022-05-29 07:28:00,1.89,0.57,13.931465072012013,0.943
26,2022-05-29 07:29:00,2.1,0.63,15.692856345740623,0.563
27,2022-05-29 07:30:00,1.9,0.57,12.665546858964651,1.516
28,2022-05-29 07:31:00,1.61,0.48,12.872405043385045,0.512
29,2022-05-29 07:32:00,1.81,0.54,13.747475916623053,0.4
30,2022-05-29 07:33:00,1.52,0.46,11.374917018763743,0.697
31,2022-05-29 07:34:00,1.92,0.58,12.18698087995576,0.093
32,2022-05-29 07:35:00,1.62,0.49,13.633271867192425,0.884
33,2022-05-29 07:36:00,1.74,0.52,11.316603850673163,1.247
34,2022-05-29 07:37:00,1.68,0.5,14.065771624596373,0.47
35,2022-05-29 07:38:00,1.5,0.45,14.216081389921017,0.598
36,2022-05-29 07:39:00,1.71,0.51,13.185103918482074,0.377
37,2022-05-29 07:40:00,1.77,0.53,13.972365569506984,0.962
38,2022-05-29 07:41:00,1.77,0.53,15.245123899288522,1.31
39,2022-05-29 07:42:00,1.55,0.46,13.989442240300011,1.21
40,2022-05-29 07:43:00,1.73,0.52,13.046887405227066,1.241
41,2022-05-29 07:44:00,1.75,0.52,14.384845796540178,1.867
42,2022-05-29 07:45:00,1.53,0.46,12.934652019081538,0.562
43,2022-05-29 07:46:00,1.65,0.49,12.42424195955982,1.126
44,2022-05-29 07:47:00,1.58,0.47,13.668020082681565,2.022
45,2022-05-29 07:48:00,1.57,0.47,12.721849824094802,0.811
46,2022-05-29 07:49:00,1.96,0.59,15.117644858126004,0.922
47,2022-05-29 07:50:00,1.67,0.5,12.410767923420643,1.468
48,2022-05-29 07:51:00,1.58,0.47,13.339110314491915,0.11
49,2022-05-29 07:52:00,1.47,0.44,11.765717403974747,0.673
50,2022-05-29 07:53:00,1.63,0.49,12.595428136297768,1.752
51,2022-05-29 07:54:00,1.9,0.57,15.45971462109027,0.17
52,2022-05-29 07:55:00,1.63,0.49,11.452336120614344,0.357
53,2022-05-29 07:56:00,1.57,0.47,13.818853304923003,1.195
54,2022-05-29 07:57:00,1.53,0.46,13.09168904675174,0.817
55,2022-05-29 07:58:00,1.34,0.4,14.151186914016584,0.339
56,2022-05-29 07:59:00,1.52,0.46,10.181191752640995,1.32
57,2022-05-29 08:00:00,1.29,0.39,11.728985687212388,1.572
58,2022-05-29 08:01:00,1.59,0.48,14.615364826162416,1.72
59,2022-05-29 08:02:00,1.58,0.47,12.825723982197028,0.068
60,2022-05-29 08:03:00,1.51,0.45,12.523931582401538,1.259
61,2022-05-29 08:04:00,1.39,0.42,9.935440745346552,0.197
62,2022-05-29 08:05:00,1.33,0.4,11.670867789750911,1.372
63,2022-05-29 08:06:00,1.4,0.42,12.727795877791069,1.455
64,2022-05-29 08:07:00,1.43,0.43,13.27531922554305,0.606
65,2022-05-29 08:08:00,1.43,0.43,12.43494523325884,0.761
66,2022-05-29 08:09:00,1.7,0.51,13.381040676318193,1.141
67,2022-05-29 08:10:00,1.44,0.43,10.971761035262858,0.97
68,2022-05-29 08:11:00,1.32,0.4,12.271095937495465,1.34
69,2022-05-29 08:12:00,1.44,0.43,12.962953646489249,1.239
70,2022-05-29 08:13:00,1.31,0.39,12.827787986033321,0.981
71,2022-05-29 08:14:00,1.56,0.47,14.122475605933193,0.42
72,2022-05-29 08:15:00,1.42,0.43,12.279758609580757,0.313
73,2022-05-29 08:16:00,1.36,0.41,11.905161077182532,0.974
74,2022-05-29 08:17:00,1.2,0.36,10.732778910020329,1.543
75,2022-05-29 08:18:00,1.61,0.48,12.50719900498195,1.541
76,2022-05-29 08:19:00,1.36,0.41,10.878692546253587,1.195
77,2022-05-29 08:20:00,1.34,0.4,11.824433118889106,2.51
78,2022-05-29 08:21:00,1.36,0.41,13.533982845333526,0.166
79,2022-05-29 08:22:00,1.38,0.41,12.361488681102776,1.24
80,2022-05-29 08:23:00,1.35,0.4,12.38407826496117,1.726
81,2022-05-29 08:24:00,1.3,0.39,11.228161615675683,0.763
82,2022-05-29 08:25:00,1.45,0.44,12.334419347013121,0.591
83,2022-05-29 08:26:00,1.47,0.44,11.85522116033991,0.552
84,2022-05-29 08:27:00,1.46,0.44,11.918297466452339,0.411
85,2022-05-29 08:28:00,1.54,0.46,12.274445130072088,1.25
86,2022-05-29 08:29:00,1.4,0.42,9.93319838726369,0.059
87,2022-05-29 08:30:00,1.14,0.34,11.11605015926462,0.637
88,2022-05-29 08:31:00,1.3,0.39,10.98685915874328,0.901
89,2022-05-29 08:32:00,1.25,0.38,11.48023060118403,1.125
90,2022-05-29 08:33:00,1.28,0.38,12.167909979752693,0.264
91,2022-05-29 08:34:00,1.57,0.47,10.878997648694334,0.994
92,2022-05-29 08:35:00,1.32,0.4,10.622880770440315,1.531
93,2022-05-29 08:36:00,1.44,0.43,12.075973564712147,1.657
94,2022-05-29 08:37:00,1.51,0.45,11.94082624113625,1.287
95,2022-05-29 08:38:00,1.42,0.43,11.976607827795785,1.202
96,2022-05-29 08:39:00,1.26,0.38,10.44864059515156,1.038
97,2022-05-29 08:40:00,1.29,0.39,10.87504729700683,0.552
98,2022-05-29 08:41:00,1.37,0.41,12.622417443691473,1.336
99,2022-05-29 08:42:00,1.3,0.39,11.544018805448534,0.015
100,2022-05-29 08:43:00,1.0,0.3,9.594265393133103,1.311
101,2022-05-29 08:44:00,1.37,0.41,11.335506206431331,0.595
102,2022-05-29 08:45:00,1.22,0.37,11.736802534681182,0.742
103,2022-05-29 08:46:00,1.35,0.4,9.949140329579446,1.23
104,2022-05-29 08:47:00,1.1,0.33,12.140566785851309,1.249
105,2022-05-29 08:48:00,0.5,0.15,7.213041248079165,1.224
106,2022-05-30 08:25:00,0.47,0.14,7.582221997179082,1.091
107,2022-05-30 08:26:00,0.72,0.22,9.824191711616619,0.684
108,2022-05-30 08:27:00,0.6,0.18,9.182728644552546,0.435
109,2022-05-30 08:28:00,0.66,0.2,7.278574882878253,0.259
110,2022-05-30 08:29:00,0.62,0.19,8.967308502722144,0.5
111,2022-05-30 08:30:00,0.66,0.2,9.383946109909592,0.996
112,2022-05-30 08:31:00,0.67,0.2,7.1139333504299245,0.619
113,2022-05-30 08:32:00,0.62,0.19,6.946482107729002,0.836
114,2022-05-30 08:33:00,0.68,0.2,6.82912781566551,0.635
115,2022-05-30 08:34:00,0.69,0.21,6.415036288828355,0.318
116,2022-05-30 08:35:00,0.74,0.22,9.46854260613532,0.921
117,2022-05-30 08:36:00,0.87,0.26,9.160934383381145,0.506
118,2022-05-30 08:37:00,0.8,0.24,9.605105944531683,0.536
119,2022-05-30 08:38:00,0.61,0.18,8.433284342164026,0.56
120,2022-05-30 08:39:00,0.64,0.19,8.510980312497026,1.306
121,2022-05-30 08:40:00,0.78,0.23,8.665218520727073,1.339
122,2022-05-30 08:41:00,0.72,0.22,6.654929569629387,1.328
123,2022-05-30 08:42:00,0.68,0.2,7.94325836962156,0.569
124,2022-05-30 08:43:00,0.61,0.18,8.677957161375069,0.638
125,2022-05-30 08:44:00,0.61,0.18,8.918397009664936,1.14
126,2022-05-30 08:45:00,0.53,0.16,8.88303954632447,1.081
127,2022-05-30 08:46:00,0.51,0.15,8.006755634719807,0.5
128,2022-05-30 08:47:00,0.49,0.15,9.216452154748415,1.255
129,2022-05-30 08:48:00,0.61,0.18,8.081004844510932,0.253
130,2022-05-30 08:49:00,0.7,0.21,8.408098316488285,1.247
131,2022-05-30 08:50:00,0.65,0.2,6.770107973348297,1.501
132,2022-05-30 08:51:00,0.69,0.21,7.2573768952984,0.192
133,2022-05-30 08:52:00,0.6,0.18,8.438734453784734,0.43
134,2022-05-30 08:53:00,0.62,0.19,8.694525362112866,1.059
135,2022-05-30 08:54:00,0.7,0.21,7.325772021308353,1.012
136,2022-05-30 08:55:00,0.58,0.17,7.405911299336753,1.226
137,2022-05-30 08:56:00,0.6,0.18,9.60152006780613,0.674
138,2022-05-30 08:57:00,0.73,0.22,8.9972987967208,0.499
139,2022-05-30 08:58:00,0.63,0.19,9.325149257842233,1.057
140,2022-05-30 08:59:00,0.62,0.19,8.640523802996631,1.287
141,2022-05-30 09:00:00,0.66,0.2,9.206696397942641,0.89
142,2022-05-30 09:01:00,0.68,0.2,9.355843854260746,0.548
143,2022-05-30 09:02:00,0.59,0.18,8.447049386205979,0.721
144,2022-05-30 09:03:00,0.54,0.16,7.2781711122482795,1.333
145,2022-05-30 09:04:00,0.56,0.17,8.951021817972665,1.122
146,2022-05-30 09:05:00,0.71,0.21,7.559817673482198,0.469
147,2022-05-30 09:06:00,0.66,0.2,8.676954058613646,0.756
148,2022-05-30 09:07:00,0.72,0.22,8.937493888937297,1.125
149,2022-05-30 09:08:00,0.75,0.22,9.285800434307843,0.772
150,2022-05-30 09:09:00,0.7,0.21,7.0307385051429465,1.301
151,2022-05-30 09:10:00,0.76,0.23,8.40782741571538,0.639
152,2022-05-30 09:11:00,0.68,0.2,8.065946337451262,1.158
153,2022-05-30 09:12:00,0.6,0.18,8.450150197307947,0.434
154,2022-05-30 09:13:00,0.71,0.21,7.540418283114387,0.519
155,2022-05-30 09:14:00,0.64,0.19,8.086105128664226,1.245
156,2022-05-30 09:15:00,0.75,0.22,6.60682662992866,1.276
157,2022-05-30 09:16:00,0.64,0.19,7.112397345773709,0.667
158,2022-05-30 09:17:00,0.81,0.24,9.070130944054624,0.83
159,2022-05-30 09:18:00,0.86,0.26,8.761092645594259,1.679
160,2022-05-30 09:19:00,0.68,0.2,9.232666847679669,1.036
161,2022-05-30 09:20:00,0.65,0.2,7.766864431489081,0.509
162,2022-05-30 09:21:00,0.65,0.2,7.951782864659015,0.675
163,2022-05-30 09:22:00,0.57,0.17,6.497376086510543,0.345
164,2022-05-30 09:23:00,0.65,0.2,8.30108227536251,1.018
165,2022-05-30 09:24:00,0.61,0.18,8.45721002427748,0.42
166,2022-05-30 09:25:00,0.67,0.2,8.088934544296439,1.398
167,2022-05-30 09:26:00,0.75,0.22,8.929043151741553,0.463
168,2022-05-30 09:27:00,0.73,0.22,7.467499374408727,1.448
169,2022-05-30 09:28:00,0.82,0.25,9.08711276417545,1.555
170,2022-05-30 09:29:00,0.85,0.26,10.376987704947009,0.524
171,2022-05-30 09:30:00,0.7,0.21,10.296747086903018,0.29
172,2022-05-30 09:31:00,0.56,0.17,5.967566265575725,1.032
173,2022-05-30 09:32:00,0.68,0.2,9.569226116564737,1.751
174,2022-05-30 09:33:00,0.7,0.21,7.675502528466515,1.406
175,2022-05-30 09:34:00,0.73,0.22,10.909359867373848,0.93
176,2022-05-30 09:35:00,0.63,0.19,7.927566073900199,0.712
177,2022-05-30 09:36:00,0.63,0.19,8.11172840872369,0.39
178,2022-05-30 09:37:00,0.59,0.18,8.078356285130274,0.775
179,2022-05-30 09:38:00,0.66,0.2,7.484222234592709,0.842
180,2022-05-30 09:39:00,0.55,0.16,10.80051521870364,1.409
181,2022-05-30 09:40:00,0.53,0.16,7.792785537633734,0.993
182,2022-05-30 09:41:00,0.74,0.22,7.977018228765686,0.249
183,2022-05-30 09:42:00,0.57,0.17,6.538099756631714,1.307
184,2022-05-30 09:43:00,0.52,0.16,7.234702054574456,0.813
185,2022-05-30 09:44:00,0.64,0.19,9.830366517925878,0.954
186,2022-05-30 09:45:00,0.66,0.2,8.698924183748895,0.68
187,2022-05-30 09:46:00,0.7,0.21,8.203898160280497,0.515
188,2022-05-30 09:47:00,0.57,0.17,7.5750683313062,1.242
189,2022-05-30 09:48:00,0.66,0.2,7.107547105465416,0.626
190,2022-05-30 09:49:00,0.58,0.17,6.9814115601365785,0.933
191,2022-05-30 09:50:00,0.58,0.17,8.153866218632995,1.376
192,2022-05-30 09:51:00,0.65,0.2,6.953472159906532,2.065
193,2022-05-30 09:52:00,0.63,0.19,7.150760857877613,1.834
194,2022-05-30 09:53:00,0.63,0.19,9.972643116883228,0.901
195,2022-05-30 09:54:00,0.71,0.21,7.467663845629749,1.703
196,2022-05-30 09:55:00,0.7,0.21,8.017217575859336,1.64
197,2022-05-30 09:56:00,0.75,0.22,8.133407974741244,0.047
198,2022-05-30 09:57:00,0.59,0.18,6.164425653354695,1.061
199,2022-05-30 09:58:00,0.71,0.21,5.626432986247085,0.111
200,2022-05-30 09:59:00,0.58,0.17,9.098029174643443,0.68
201,2022-05-30 10:00:00,0.61,0.18,7.200484028466589,1.321
202,2022-05-30 10:01:00,0.59,0.18,6.761838256223439,1.151
203,2022-05-30 10:02:00,0.59,0.18,8.277701351481118,1.104
204,2022-05-30 10:03:00,0.55,0.16,7.980858539892172,1.644
205,2022-05-30 10:04:00,0.53,0.16,7.9095988653073865,1.372
206,2022-05-30 10:05:00,0.74,0.22,8.84110758985631,0.055
207,2022-05-30 10:06:00,0.79,0.24,9.189471545051443,1.018
208,2022-05-30 10:07:00,0.67,0.2,8.835108721996955,1.804
209,2022-05-30 10:08:00,0.6,0.18,6.553914546753583,1.106
210,2022-05-30 10:09:00,0.75,0.22,10.423369807997583,1.478
211,2022-05-30 10:10:00,0.67,0.2,7.6117674715952806,0.829
212,2022-05-30 10:11:00,0.68,0.2,7.319508614212964,1.379
213,2022-05-30 10:12:00,0.57,0.17,8.551895484934535,1.03
214,2022-05-30 10:13:00,0.57,0.17,6.89186852446417,0.664
215,2022-05-30 10:14:00,0.69,0.21,9.371095537004729,1.058
216,2022-05-30 10:15:00,0.63,0.19,7.183996873672244,1.423
217,2022-05-30 10:16:00,0.59,0.18,6.188441760914943,1.029
218,2022-05-30 10:17:00,0.79,0.24,6.355724960831475,1.589
219,2022-05-30 10:18:00,0.64,0.19,7.36403618592999,0.704
220,2022-05-30 10:19:00,0.76,0.23,9.980666396813232,0.718
221,2022-05-30 10:20:00,0.53,0.16,8.821722035781363,1.288
222,2022-05-30 10:21:00,0.65,0.2,7.9705994150610415,0.819
223,2022-05-30 10:22:00,0.7,0.21,6.991989913639152,0.775
224,2022-05-30 10:23:00,0.72,0.22,8.131210586850736,1.289
225,2022-05-30 10:24:00,0.54,0.16,5.463717489014142,0.93
226,2022-05-30 10:25:00,0.63,0.19,7.242369148463821,0.657
227,2022-05-30 10:26:00,0.71,0.21,7.430664831526052,0.614
228,2022-05-30 10:27:00,0.76,0.23,10.003416458945521,0.973
229,2022-05-30 10:28:00,0.69,0.21,9.109773865137754,0.961
230,2022-05-30 10:29:00,0.7,0.21,9.882803553340207,0.831
231,2022-05-30 10:30:00,0.59,0.18,8.875163587339843,2.138
232,2022-05-30 10:31:00,0.62,0.19,9.188218089935743,1.429
233,2022-05-30 10:32:00,0.57,0.17,7.167330334903855,0.801
234,2022-05-30 10:33:00,0.68,0.2,8.091902562785044,1.082
235,2022-05-30 10:34:00,0.69,0.21,8.790195913799376,1.522
236,2022-05-30 10:35:00,0.61,0.18,9.671351611975805,0.642
237,2022-05-30 10:36:00,0.66,0.2,7.886674761434054,0.621
238,2022-05-30 10:37:00,0.64,0.19,8.047249669174562,0.747
239,2022-05-30 10:38:00,0.73,0.22,7.663559361142859,1.669
240,2022-05-30 10:39:00,0.66,0.2,8.103558380691657,0.863
241,2022-05-30 10:40:00,0.64,0.19,8.324036896835398,0.221
242,2022-05-30 10:41:00,0.6,0.18,8.54427424937116,1.275
243,2022-05-30 10:42:00,0.62,0.19,8.598951219663332,0.543
244,2022-05-30 10:43:00,0.67,0.2,7.913067236369422,1.12
245,2022-05-30 10:44:00,0.62,0.19,8.291186194886288,1.817
246,2022-05-30 10:45:00,0.59,0.18,6.470356493276359,0.545
247,2022-05-30 10:46:00,0.61,0.18,7.877420003825107,1.055
248,2022-05-30 10:47:00,0.61,0.18,6.852173452393547,1.703
249,2022-05-30 10:48:00,0.91,0.27,10.66906823204211,0.261
250,2022-05-30 10:49:00,0.7,0.21,9.621010413862962,1.505
251,2022-05-30 10:50:00,0.54,0.16,7.7877919299646425,1.178
252,2022-05-30 10:51:00,0.64,0.19,7.133206843887422,1.12
253,2022-05-30 10:52:00,0.69,0.21,10.925181558970017,0.76
254,2022-05-30 10:53:00,0.6,0.18,8.120644136232302,1.044
255,2022-05-30 10:54:00,0.61,0.18,8.958748371278654,0.554
256,2022-05-30 10:55:00,0.53,0.16,8.361962721982806,0.444
257,2022-05-30 10:56:00,0.69,0.21,8.640881484681117,1.129
258,2022-05-30 10:57:00,0.68,0.2,6.787110893079612,1.3
259,2022-05-30 10:58:00,0.59,0.18,7.400485336680838,0.553
260,2022-05-30 10:59:00,0.61,0.18,7.732638986644169,0.424
261,2022-05-30 11:00:00,0.73,0.22,9.085462093288788,0.102
262,2022-05-30 11:01:00,0.68,0.2,7.854128248266429,0.47
263,2022-05-30 11:02:00,0.8,0.24,7.903996887614392,0.944
264,2022-05-30 11:03:00,0.53,0.16,7.906777016443538,1.263
265,2022-05-30 11:04:00,0.77,0.23,10.344618915675632,1.059
266,2022-05-30 11:05:00,0.76,0.23,9.137297430302196,0.223
267,2022-05-30 11:06:00,0.68,0.2,7.340148268473496,1.408
268,2022-05-30 11:07:00,0.6,0.18,9.716385467602825,0.655
269,2022-05-30 11:08:00,0.74,0.22,8.707104966369878,1.267
270,2022-05-30 11:09:00,0.75,0.22,9.778306953442616,1.278
271,2022-05-30 11:10:00,0.7,0.21,8.19917829023157,1.297
272,2022-05-30 11:11:00,0.55,0.16,7.574071853927302,1.019
273,2022-05-30 11:12:00,0.65,0.2,9.060075902954386,0.032
274,2022-05-30 11:13:00,0.67,0.2,7.496049097149106,1.129
275,2022-05-30 11:14:00,0.67,0.2,9.131991726223202,1.729
276,2022-05-30 11:15:00,0.68,0.2,7.316250348037379,1.012
277,2022-05-30 11:16:00,0.73,0.22,6.878303079510195,0.618
278,2022-05-30 11:17:00,0.73,0.22,9.447920245634675,0.632
279,2022-05-30 11:18:00,0.8,0.24,10.230195857947919,1.038
280,2022-05-30 11:19:00,0.88,0.26,10.012523671962663,0.109
281,2022-05-30 11:20:00,0.81,0.24,9.453454492314508,0.958
282,2022-05-30 11:21:00,0.68,0.2,9.195207654273972,1.302
283,2022-05-30 11:22:00,0.61,0.18,7.752462941551402,1.272
284,2022-05-30 11:23:00,0.78,0.23,9.397803457455245,1.838
285,2022-05-30 11:24:00,0.74,0.22,8.567498573858488,0.258
286,2022-05-30 11:25:00,0.69,0.21,6.624475323301825,1.232
287,2022-05-30 11:26:00,0.61,0.18,8.715985318591287,1.641
288,2022-05-30 11:27:00,0.59,0.18,7.131167156456146,1.471
289,2022-05-30 11:28:00,0.5,0.15,7.090771653788179,1.436
290,2022-05-30 11:29:00,0.63,0.19,8.929325600482256,1.416
291,2022-05-30 11:30:00,0.5,0.15,5.884767812130159,1.056
292,2022-05-30 11:31:00,0.68,0.2,9.504691312634776,0.9
293,2022-05-30 11:32:00,0.68,0.2,7.765460803796282,0.788
294,2022-05-30 11:33:00,0.53,0.16,8.69627167665619,0.962
295,2022-05-30 11:34:00,0.67,0.2,7.123642889571016,1.287
296,2022-05-30 11:35:00,0.72,0.22,9.07563344432105,0.625
297,2022-05-30 11:36:00,0.66,0.2,7.0853564479191995,0.392
298,2022-05-30 11:37:00,0.68,0.2,8.752298387229922,0.265
299,2022-05-30 11:38:00,0.59,0.18,9.571309594051403,0.6
300,2022-05-30 11:39:00,0.62,0.19,8.397230282384529,0.332
301,2022-05-30 11:40:00,0.68,0.2,7.248699394878976,1.269
302,2022-05-30 11:41:00,0.65,0.2,9.196485589573001,0.128
303,2022-05-30 11:42:00,0.68,0.2,9.025239508871424,2.053
304,2022-05-30 11:43:00,0.67,0.2,8.84948210952933,1.79
305,2022-05-30 11:44:00,0.71,0.21,7.709553686276614,0.104
306,2022-05-30 11:45:00,0.46,0.14,7.640770700714108,0.589
307,2022-05-30 11:46:00,0.54,0.16,8.714629318115906,0.956
308,2022-05-30 11:47:00,0.49,0.15,6.682604868038347,0.825
309,2022-05-30 11:48:00,0.69,0.21,8.03153527909119,0.713
310,2022-05-30 11:49:00,0.66,0.2,7.856779468844345,1.118
311,2022-05-30 11:50:00,0.62,0.19,7.057409420490544,0.407
312,2022-05-30 11:51:00,0.66,0.2,8.19915651742006,1.631
313,2022-05-30 11:52:00,0.6,0.18,6.601411518950405,0.946
314,2022-05-30 11:53:00,0.63,0.19,7.857271525860365,1.738
315,2022-05-30 11:54:00,0.62,0.19,8.775551852628599,0.989
316,2022-05-30 11:55:00,0.67,0.2,9.01154392942007,1.12
317,2022-05-30 11:56:00,0.65,0.2,7.110682640986397,0.516
318,2022-05-30 11:57:00,0.58,0.17,9.055870803222655,0.564
319,2022-05-30 11:58:00,0.03,0.01,5.242618412772698,0.913
320,2022-05-30 16:01:00,0.47,0.14,9.004806829785254,0.881
321,2022-05-30 16:02:00,1.72,0.52,17.50538051909853,1.458
322,2022-05-30 16:03:00,1.73,0.52,19.484259775355948,1.106
323,2022-05-30 16:04:00,1.54,0.46,18.697932685945823,0.076
324,2022-05-30 16:05:00,1.21,0.36,16.59264797666964,1.031
325,2022-05-30 16:06:00,1.34,0.4,16.197941817188507,1.63
326,2022-05-30 16:07:00,1.45,0.44,17.879087833333728,1.356
327,2022-05-30 16:08:00,1.59,0.48,19.818176527689243,0.991
328,2022-05-30 16:09:00,1.46,0.44,16.86460825164447,1.021
329,2022-05-30 16:10:00,1.87,0.56,19.805228243000425,0.304
330,2022-05-30 16:11:00,1.51,0.45,18.613138447040747,1.571
331,2022-05-30 16:12:00,1.33,0.4,15.992510293816494,1.087
332,2022-05-30 16:13:00,1.38,0.41,18.637273839692636,1.552
333,2022-05-30 16:14:00,1.39,0.42,17.535627638990288,0.991
334,2022-05-30 16:15:00,1.31,0.39,16.796295910445867,0.575
335,2022-05-30 16:16:00,1.24,0.37,16.4824676920413,0.447
336,2022-05-30 16:17:00,1.43,0.43,16.78152434367339,1.421
337,2022-05-30 16:18:00,1.39,0.42,16.858604849890984,2.011
338,2022-05-30 16:19:00,1.47,0.44,18.810669370871064,1.318
339,2022-05-30 16:20:00,1.56,0.47,18.07389026579004,1.146
340,2022-05-30 16:21:00,1.4,0.42,18.761840076627685,0.66
341,2022-05-30 16:22:00,1.41,0.42,17.45608139132548,0.681
342,2022-05-30 16:23:00,1.57,0.47,19.93154774816323,1.733
343,2022-05-30 16:24:00,1.48,0.44,18.441506992472387,1.472
344,2022-05-30 16:25:00,1.41,0.42,17.12372228935924,1.234
345,2022-05-30 16:26:00,1.39,0.42,17.23368152696317,1.425
346,2022-05-30 16:27:00,1.53,0.46,19.870640344427848,0.746
347,2022-05-30 16:28:00,1.46,0.44,17.42610510416513,1.212
348,2022-05-30 16:29:00,1.76,0.53,18.87103227348167,1.178
349,2022-05-30 16:30:00,1.44,0.43,15.96597689777494,0.725
350,2022-05-30 16:31:00,1.66,0.5,17.259551851762538,0.51
351,2022-05-30 16:32:00,1.5,0.45,17.64850359322595,1.26
352,2022-05-30 16:33:00,1.46,0.44,17.925391739066953,1.304
353,2022-05-30 16:34:00,1.59,0.48,20.134829055322253,0.791
354,2022-05-30 16:35:00,1.72,0.52,18.358444181867473,0.775
355,2022-05-30 16:36:00,1.84,0.55,18.734123285910258,0.741
356,2022-05-30 16:37:00,1.52,0.46,19.01394439363814,0.027
357,2022-05-30 16:38:00,1.48,0.44,15.37293430815517,0.359
358,2022-05-30 16:39:00,1.6,0.48,17.95090246202932,0.736
359,2022-05-30 16:40:00,1.8,0.54,17.13240029550629,1.001
360,2022-05-30 16:41:00,1.86,0.56,18.183246264701136,1.418
361,2022-05-30 16:42:00,1.85,0.56,18.747772583644526,0.989
362,2022-05-30 16:43:00,1.8,0.54,20.18296189761509,0.201
363,2022-05-30 16:44:00,1.54,0.46,17.13395655822635,1.36
364,2022-05-30 16:45:00,1.61,0.48,17.876238139170354,0.46
365,2022-05-30 16:46:00,1.76,0.53,18.863757798542615,0.901
366,2022-05-30 16:47:00,1.82,0.55,20.984224070175294,0.238
367,2022-05-30 16:48:00,1.91,0.57,19.007513070526763,1.294
368,2022-05-30 16:49:00,1.87,0.56,20.161662704909446,0.546
369,2022-05-30 16:50:00,1.85,0.56,19.36181360154754,0.57
370,2022-05-30 16:51:00,1.87,0.56,20.579551376963234,1.449
371,2022-05-30 16:52:00,1.87,0.56,19.081682162751267,1.397
372,2022-05-30 16:53:00,1.88,0.56,19.42309838114776,0.292
373,2022-05-30 16:54:00,1.86,0.56,20.07732989316427,0.33
374,2022-05-30 16:55:00,1.67,0.5,18.757289358625112,0.464
375,2022-05-30 16:56:00,1.67,0.5,18.85760108257814,0.973
376,2022-05-30 16:57:00,1.8,0.54,18.542996214426072,1.194
377,2022-05-30 16:58:00,1.67,0.5,18.029351591164254,1.498
378,2022-06-17 23:48:00,0.62,0.19,7.022861481816941,0.632
379,2022-06-17 23:49:00,0.53,0.16,7.010408806522837,0.819
380,2022-06-17 23:50:00,0.71,0.21,9.776657737764355,0.793
381,2022-06-17 23:51:00,1.35,0.4,10.827356099584309,1.711
382,2022-06-17 23:52:00,0.51,0.15,7.770332225128028,1.275
383,2022-06-17 23:53:00,0.58,0.17,6.560865081151269,0.939
384,2022-06-17 23:54:00,0.57,0.17,4.957093117439017,1.245
385,2022-06-17 23:55:00,1.22,0.37,10.702335661303335,2.021
386,2022-06-17 23:56:00,0.42,0.13,9.253723359593224,1.146
387,2022-06-17 23:57:00,0.34,0.1,6.164237037137727,1.28
388,2022-06-17 23:58:00,0.67,0.2,6.895372549206474,0.649
389,2022-06-17 23:59:00,0.38,0.11,6.538348099422743,0.908
390,2022-06-18 00:00:00,0.31,0.09,6.360263716802955,0.155
391,2022-06-18 00:01:00,0.49,0.15,3.640782305168131,1.38
392,2022-06-18 00:02:00,0.77,0.23,9.019328437656112,0.931
393,2022-06-18 00:03:00,0.33,0.1,6.453144446016084,1.773
394,2022-06-18 00:04:00,0.38,0.11,6.486572909105341,0.509
395,2022-06-18 00:05:00,0.78,0.23,8.350988441091001,1.109
396,2022-06-18 00:06:00,0.42,0.13,6.142465607988246,0.747
397,2022-06-18 00:07:00,0.36,0.11,6.067642902629812,0.765
398,2022-06-18 00:08:00,0.79,0.24,9.347886670805842,1.108
399,2022-06-18 00:09:00,0.56,0.17,9.482845797316282,0.113
400,2022-06-18 00:10:00,0.45,0.14,7.207107052103529,1.189
401,2022-06-18 00:11:00,0.31,0.09,6.76143923280542,0.886
402,2022-06-18 00:12:00,0.98,0.29,8.01764684747704,2.255
403,2022-06-18 00:13:00,0.41,0.12,7.2436484798483685,0.693
404,2022-06-18 00:14:00,0.34,0.1,7.815813178671476,1.394
405,2022-06-18 00:15:00,0.93,0.28,9.718567599092363,0.537
406,2022-06-18 00:16:00,0.4,0.12,5.798356766196101,0.971
407,2022-06-18 00:17:00,0.27,0.08,6.095116077308243,1.966
408,2022-06-18 00:18:00,0.46,0.14,7.121462977768195,1.197
409,2022-06-18 00:19:00,0.7,0.21,8.403833291393354,1.416
410,2022-06-18 00:20:00,0.55,0.16,6.997447388659446,1.124
411,2022-06-18 00:21:00,0.28,0.08,5.727935189502317,0.721
412,2022-06-18 00:22:00,0.72,0.22,8.377760646292346,0.512
413,2022-06-18 00:23:00,0.56,0.17,8.189104221538086,1.389
414,2022-06-18 00:24:00,0.41,0.12,6.169117739911828,0.615
415,2022-06-18 00:25:00,0.74,0.22,8.633604446110704,0.007
416,2022-06-18 00:26:00,0.41,0.12,6.907918408560004,0.452
417,2022-06-18 00:27:00,0.59,0.18,8.542626696863511,1.609
418,2022-06-18 00:28:00,0.58,0.17,7.556166830056307,0.156
419,2022-06-18 00:29:00,1.0,0.3,9.637344141152264,0.337
420,2022-06-18 00:30:00,0.57,0.17,7.897690175114044,1.605
421,2022-06-18 00:31:00,0.37,0.11,6.711393390822282,1.159
422,2022-06-18 00:32:00,0.72,0.22,8.683034029885228,0.882
423,2022-06-18 00:33:00,0.25,0.08,5.010250690571868,0.732
424,2022-06-18 00:34:00,0.47,0.14,6.890319951709226,1.017
425,2022-06-18 00:35:00,0.45,0.14,6.955408065827301,1.48
426,2022-06-18 00:36:00,0.35,0.1,6.219547899888696,0.536
427,2022-06-18 00:37:00,0.3,0.09,5.85140386331497,1.235
428,2022-06-18 00:38:00,0.21,0.06,6.819128501388132,0.627
429,2022-06-18 00:39:00,0.63,0.19,7.261389749163514,1.036
430,2022-06-18 00:40:00,0.14,0.04,5.677878321815006,1.064
431,2022-06-18 00:41:00,0.45,0.14,7.786219146836924,0.836
432,2022-06-18 00:42:00,0.27,0.08,5.528130042668247,0.791
433,2022-06-18 00:43:00,0.51,0.15,8.64529144167293,0.771
434,2022-06-18 00:44:00,0.49,0.15,5.9754385162599934,0.539
435,2022-06-18 00:45:00,0.32,0.1,5.250672217864449,1.642
436,2022-06-18 00:46:00,0.28,0.08,7.628866176502101,1.258
437,2022-06-18 00:47:00,0.5,0.15,5.682777140486695,0.013
438,2022-06-18 00:48:00,0.32,0.1,5.904916223966592,1.255
439,2022-06-18 00:49:00,0.33,0.1,6.653173457995928,0.216
440,2022-06-18 00:50:00,0.53,0.16,8.050586061974954,0.712
441,2022-06-18 00:51:00,0.55,0.16,7.165780059218047,1.34
442,2022-06-18 00:52:00,0.44,0.13,8.419041368439322,0.493
443,2022-06-18 00:53:00,0.37,0.11,5.441957507646659,0.255
444,2022-06-18 00:54:00,0.49,0.15,7.02451590640046,0.817
445,2022-06-18 00:55:00,0.32,0.1,6.760495786223309,1.557
446,2022-06-18 00:56:00,0.31,0.09,7.541228674471836,0.937
447,2022-06-18 00:57:00,0.19,0.06,4.864974921180998,1.45
448,2022-06-18 00:58:00,1.04,0.31,10.505288758180422,0.326
449,2022-06-18 00:59:00,0.18,0.05,6.483208045563146,1.792
450,2022-06-18 01:00:00,0.48,0.14,6.42734701435827,0.589
451,2022-06-18 01:01:00,0.4,0.12,6.996275476738399,1.77
452,2022-06-18 01:02:00,0.27,0.08,5.97612429503596,1.955
453,2022-06-18 01:03:00,0.57,0.17,7.5022642068534,0.587
454,2022-06-18 01:04:00,0.39,0.12,8.226645367459817,1.05
455,2022-06-18 01:05:00,0.49,0.15,8.847662605031593,0.079
456,2022-06-18 01:06:00,0.23,0.07,5.734984592132662,1.644
457,2022-06-18 01:07:00,0.54,0.16,8.293504331779602,1.637
458,2022-06-18 01:08:00,0.14,0.04,5.25898534879213,0.594
459,2022-06-18 01:09:00,0.83,0.25,10.869930285457905,0.956
460,2022-06-18 01:11:00,0.72,0.22,8.645848540195365,1.147
461,2022-06-18 01:12:00,0.74,0.22,8.942537600696413,1.701
462,2022-06-18 01:13:00,0.29,0.09,7.937620231274255,0.417
463,2022-06-18 01:14:00,0.3,0.09,5.269483655498831,0.842
464,2022-06-18 01:15:00,0.21,0.06,5.5553073587421515,0.812
465,2022-06-18 01:16:00,0.58,0.17,9.970070325550743,0.111
466,2022-06-18 01:17:00,0.3,0.09,6.82895404758518,1.754
467,2022-06-18 01:18:00,0.69,0.21,8.204537404679888,1.63
468,2022-06-18 01:19:00,0.75,0.22,8.832002470048131,1.1
469,2022-06-18 01:20:00,0.18,0.05,6.770741317806089,0.762
470,2022-06-18 01:21:00,0.72,0.22,8.628743740946675,0.62
471,2022-06-18 01:22:00,0.58,0.17,8.102492035776562,0.874
472,2022-06-18 01:23:00,0.21,0.06,5.391764893902661,0.615
473,2022-06-18 01:24:00,0.52,0.16,7.881731943714559,1.523
474,2022-06-18 01:25:00,0.53,0.16,8.840659315531814,0.598
475,2022-06-18 01:26:00,0.21,0.06,4.68984186158346,0.363
476,2022-06-18 01:27:00,0.21,0.06,7.793376003361064,1.074
477,2022-06-18 01:28:00,0.37,0.11,7.764076341048735,0.855
478,2022-06-18 01:29:00,0.25,0.08,9.032810503654378,0.818
479,2022-06-18 01:30:00,0.59,0.18,8.77255554931,1.732
480,2022-06-18 01:31:00,0.7,0.21,9.296001815007687,1.17
481,2022-06-18 01:32:00,0.36,0.11,8.476559471887763,1.652
482,2022-06-18 01:33:00,0.29,0.09,6.135685589410691,1.103
483,2022-06-18 01:34:00,0.35,0.1,7.583762770930141,0.205
484,2022-06-18 01:35:00,0.67,0.2,8.941137808192849,0.349
485,2022-06-18 01:36:00,0.39,0.12,5.324017654973301,0.015
486,2022-06-18 01:40:00,0.87,0.26,8.366072066258871,0.174
487,2022-06-18 01:41:00,1.43,0.43,11.00328337679629,0.828
488,2022-06-18 01:42:00,0.39,0.12,5.83119084884388,0.981
489,2022-06-18 01:43:00,0.2,0.06,5.820758643590458,0.164
490,2022-06-18 01:44:00,0.25,0.08,6.838971897347797,1.644
491,2022-06-18 01:45:00,0.62,0.19,7.319320836891183,1.74
492,2022-06-18 01:46:00,0.44,0.13,8.217894214874413,1.456
493,2022-06-18 01:47:00,0.34,0.1,7.045961596539353,1.371
494,2022-06-18 01:48:00,0.4,0.12,8.092774570116324,0.513
495,2022-06-18 01:49:00,0.72,0.22,9.304750295574529,0.253
496,2022-06-18 01:50:00,0.44,0.13,5.517147707555688,1.227
497,2022-06-18 01:51:00,0.33,0.1,6.5409738098775625,1.218
498,2022-06-18 01:52:00,0.73,0.22,8.764472576153233,0.757
499,2022-06-18 01:53:00,0.37,0.11,7.388880752441704,1.499
500,2022-06-18 01:54:00,0.45,0.14,8.117479866800599,0.905
501,2022-06-18 01:55:00,0.42,0.13,5.7860731370185245,1.733
502,2022-06-18 01:56:00,0.65,0.2,8.421783881951837,1.634
503,2022-06-18 01:57:00,0.33,0.1,6.289257304671377,1.17
504,2022-06-18 01:58:00,0.29,0.09,5.3856036654148856,0.728
505,2022-06-18 01:59:00,0.29,0.09,6.620969301950079,1.473
506,2022-06-18 02:00:00,0.54,0.16,6.36974564241515,0.947
507,2022-06-18 02:01:00,0.2,0.06,5.201058523999775,1.367
508,2022-06-18 02:02:00,0.33,0.1,7.1186615104986775,0.696
509,2022-06-18 02:03:00,0.69,0.21,9.737690229910712,2.031
510,2022-06-18 02:04:00,0.22,0.07,8.482146663913998,1.135
511,2022-06-18 02:05:00,0.27,0.08,5.848395343677824,0.671
512,2022-06-18 02:06:00,0.26,0.08,6.057792530530508,0.865
513,2022-06-18 02:07:00,0.56,0.17,7.659372051087512,0.428
514,2022-06-18 02:08:00,0.38,0.11,7.180491606678658,0.292
515,2022-06-18 02:09:00,0.44,0.13,9.250885805770663,1.12
516,2022-06-18 02:10:00,0.54,0.16,5.498102323630815,1.092
517,2022-06-18 02:11:00,0.32,0.1,5.849960802349575,0.644
518,2022-06-18 02:12:00,0.4,0.12,6.302046999628139,0.609
519,2022-06-18 02:13:00,0.3,0.09,6.9629086673783895,1.552
520,2022-06-18 02:14:00,0.6,0.18,8.025442485892492,0.344
521,2022-06-18 02:15:00,0.22,0.07,6.518654436891771,0.55
522,2022-06-18 02:16:00,0.4,0.12,4.667593870095934,1.389
523,2022-06-18 02:17:00,0.55,0.16,7.779973675455587,0.343
524,2022-06-18 02:18:00,0.3,0.09,5.85368614035843,1.074
525,2022-06-18 02:19:00,0.42,0.13,7.495386253315699,2.092
526,2022-06-18 02:20:00,0.25,0.08,6.554043410380876,1.691
527,2022-06-18 02:21:00,0.63,0.19,6.831395953530636,0.693
528,2022-06-18 02:22:00,0.25,0.08,6.409079163592041,1.044
529,2022-06-18 02:23:00,0.29,0.09,6.040586751719318,1.061
530,2022-06-18 02:24:00,0.31,0.09,4.892290796464003,1.077
531,2022-06-18 02:25:00,0.57,0.17,7.986096199432747,1.475
532,2022-06-18 02:26:00,0.23,0.07,5.044672593879562,1.157
533,2022-06-18 02:27:00,0.4,0.12,8.03715013009937,1.283
534,2022-06-18 02:28:00,0.53,0.16,7.465644788755223,1.1
535,2022-06-18 02:29:00,0.37,0.11,6.635147015925059,0.984
536,2022-06-18 02:30:00,0.3,0.09,7.223782446501697,0.505
537,2022-06-18 02:31:00,0.45,0.14,6.051731213356448,1.442
538,2022-06-18 02:32:00,0.73,0.22,8.629821099260935,0.6
539,2022-06-18 02:33:00,0.43,0.13,5.846150665600158,1.321
540,2022-06-18 02:34:00,0.25,0.08,4.520465390191007,1.602
541,2022-06-18 02:35:00,0.69,0.21,9.021540733598721,0.259
542,2022-06-18 02:36:00,0.27,0.08,4.286081196676401,0.646
543,2022-06-18 02:37:00,0.21,0.06,6.570272864404385,1.203
544,2022-06-18 02:38:00,0.41,0.12,7.039707494580227,2.13
545,2022-06-18 02:39:00,0.63,0.19,6.253297716398263,1.598
546,2022-06-18 02:40:00,0.31,0.09,6.760642797996584,1.744
547,2022-06-18 02:41:00,0.23,0.07,6.583401578707985,0.646
548,2022-06-18 02:42:00,0.52,0.16,7.560630228378806,1.541
549,2022-06-18 02:43:00,0.29,0.09,5.71241764573732,1.18
550,2022-06-18 02:44:00,0.19,0.06,4.934922731936417,0.937
551,2022-06-18 02:45:00,0.45,0.14,5.553804707786176,0.867
552,2022-06-18 02:46:00,1.06,0.32,10.457105229276072,2.008
553,2022-06-18 02:47:00,0.46,0.14,7.4179340830844565,1.248
554,2022-06-18 02:48:00,0.48,0.14,8.780725909468373,1.277
555,2022-06-18 02:49:00,0.75,0.22,9.000085706478252,0.056
556,2022-06-18 02:50:00,0.38,0.11,5.934230800043709,1.221
557,2022-06-18 02:51:00,0.4,0.12,5.854527843165006,1.11
558,2022-06-18 02:52:00,0.31,0.09,6.5038720152132665,1.023
559,2022-06-18 02:53:00,0.41,0.12,6.3974002077050836,1.277
560,2022-06-18 02:54:00,0.52,0.16,6.34637582719675,1.343
561,2022-06-18 02:55:00,0.16,0.05,5.27206849643953,0.164
562,2022-06-18 02:56:00,0.43,0.13,7.131719288540157,1.364
563,2022-06-18 02:57:00,0.18,0.05,6.416938083584653,0.969
564,2022-06-18 02:58:00,0.75,0.22,8.795568327329736,1.416
565,2022-06-18 02:59:00,0.29,0.09,6.1906247371610315,0.484
566,2022-06-18 03:00:00,0.29,0.09,5.655000830334049,1.527
567,2022-06-18 03:01:00,0.53,0.16,6.0842584362642675,0.803
568,2022-06-18 03:02:00,0.24,0.07,5.209073311631998,2.189
569,2022-06-18 03:03:00,0.26,0.08,6.382701317305946,1.082
570,2022-06-18 03:04:00,0.23,0.07,5.928825554949679,1.32
571,2022-06-18 03:05:00,0.63,0.19,8.162935874002168,1.38
572,2022-06-18 03:06:00,0.67,0.2,6.974292607640922,1.323
573,2022-06-18 03:07:00,0.24,0.07,4.699332232519363,0.916
574,2022-06-18 03:08:00,0.32,0.1,5.091154727734207,0.696
575,2022-06-18 03:09:00,0.18,0.05,6.365569901297788,1.58
576,2022-06-18 03:10:00,0.69,0.21,9.800134124642149,1.318
577,2022-06-18 03:11:00,0.52,0.16,7.220719134366057,1.524
578,2022-06-18 03:12:00,0.18,0.05,6.164079430561765,1.094
579,2022-06-18 03:13:00,0.55,0.16,6.614427499539574,1.544
580,2022-06-18 03:14:00,0.29,0.09,5.598573101950231,1.433
581,2022-06-18 03:15:00,0.44,0.13,7.034932929159527,0.72
582,2022-06-18 03:16:00,0.29,0.09,5.294606595338621,1.628
583,2022-06-18 03:17:00,0.53,0.16,8.086472444693575,0.192
584,2022-06-18 03:18:00,0.34,0.1,6.720510639926904,1.191
585,2022-06-18 03:19:00,0.59,0.18,7.037364604426477,1.587
586,2022-06-18 03:21:00,0.61,0.18,8.090221148261566,1.042
587,2022-06-18 03:22:00,0.57,0.17,6.078486210232562,1.54
588,2022-06-18 03:23:00,0.31,0.09,6.171279415944701,1.134
589,2022-06-18 03:24:00,0.73,0.22,7.027267443762358,1.569
590,2022-06-18 03:26:00,0.68,0.2,9.36942628375165,1.118
591,2022-06-18 03:27:00,0.67,0.2,9.519996288517753,0.592
592,2022-06-18 03:28:00,0.57,0.17,6.860108768267192,0.889
593,2022-06-18 03:29:00,0.31,0.09,5.44953579257149,0.786
594,2022-06-18 03:30:00,0.42,0.13,5.8448747618052925,0.19
595,2022-06-18 03:31:00,0.58,0.17,8.58483355238221,2.378
596,2022-06-18 03:33:00,0.64,0.19,8.281416134166037,1.113
597,2022-06-18 03:34:00,0.55,0.16,7.484771457859217,1.278
598,2022-06-18 03:35:00,0.29,0.09,6.130420754797861,2.446
599,2022-06-18 03:36:00,0.6,0.18,9.276831962581097,0.998
600,2022-06-18 03:37:00,0.4,0.12,8.224813008655968,0.298
601,2022-06-18 03:41:00,0.95,0.28,9.815008348967025,1.792
602,2022-06-18 03:42:00,1.52,0.46,11.927023253706821,0.45
603,2022-06-18 03:43:00,0.3,0.09,6.023035523059749,1.554
604,2022-06-18 03:44:00,0.21,0.06,7.112187276468085,0.486
605,2022-06-18 03:45:00,0.25,0.08,6.595501828288602,1.458
606,2022-06-18 03:46:00,0.61,0.18,6.48713636549244,0.857
607,2022-06-18 03:47:00,0.36,0.11,5.580519940780964,1.31
608,2022-06-18 03:48:00,0.28,0.08,5.423571944931917,1.068
609,2022-06-18 03:49:00,0.82,0.25,7.664987104395237,0.132
610,2022-06-18 03:50:00,0.28,0.08,5.794465189851511,1.377
611,2022-06-18 03:51:00,0.36,0.11,6.061293758268689,1.398
612,2022-06-18 03:52:00,0.76,0.23,9.023697890975015,1.573
613,2022-06-18 03:53:00,0.54,0.16,7.0121698383596325,1.192
614,2022-06-18 03:54:00,0.31,0.09,6.364388749611737,0.914
615,2022-06-18 03:55:00,0.27,0.08,7.520190162738439,1.522
616,2022-06-18 03:56:00,0.6,0.18,7.676520906004085,0.772
617,2022-06-18 03:57:00,0.44,0.13,6.096923212226157,0.584
618,2022-06-18 03:58:00,0.32,0.1,6.875741941406014,1.312
619,2022-06-18 03:59:00,0.53,0.16,5.63988308995273,1.17
620,2022-06-18 04:00:00,0.32,0.1,7.410493573858154,1.615
621,2022-06-18 04:01:00,0.19,0.06,7.364034854972603,0.32
622,2022-06-18 04:02:00,0.73,0.22,7.9432786214596875,1.738
623,2022-06-18 04:03:00,0.48,0.14,8.008275889430427,0.245
624,2022-06-18 04:04:00,0.28,0.08,7.007863575808079,0.971
625,2022-06-18 04:05:00,0.28,0.08,6.064125718194346,0.911
626,2022-06-18 04:06:00,0.58,0.17,7.3795071062397755,0.606
627,2022-06-18 04:07:00,0.33,0.1,5.49886813563132,0.472
628,2022-06-18 04:08:00,0.3,0.09,5.19543700238999,1.35
629,2022-06-18 04:09:00,0.71,0.21,9.327117198711349,1.04
630,2022-06-18 04:10:00,0.34,0.1,5.158754412721123,1.068
631,2022-06-18 04:11:00,0.25,0.08,7.499063585012265,0.359
632,2022-06-18 04:12:00,0.6,0.18,7.830353106130839,1.251
633,2022-06-18 04:13:00,0.35,0.1,6.9120547483067565,0.602
634,2022-06-18 04:14:00,0.33,0.1,6.189077955317678,0.915
635,2022-06-18 04:15:00,0.39,0.12,6.868297346040876,0.734
636,2022-06-18 04:16:00,0.53,0.16,8.13080592544752,1.288
637,2022-06-18 04:17:00,0.25,0.08,5.579485835233925,0.076
638,2022-06-18 04:18:00,0.24,0.07,7.855770170626368,1.109
639,2022-06-18 04:19:00,0.63,0.19,7.873997940875586,1.096
640,2022-06-18 04:20:00,0.32,0.1,6.268627692469662,0.925
641,2022-06-18 04:21:00,0.29,0.09,5.955229119735931,1.024
642,2022-06-18 04:22:00,0.64,0.19,6.488873868415778,1.375
643,2022-06-18 04:23:00,0.25,0.08,6.627754274904143,1.333
644,2022-06-18 04:24:00,0.21,0.06,5.210774912063293,1.235
645,2022-06-18 04:25:00,0.75,0.22,7.417252703991302,0.976
646,2022-06-18 04:26:00,0.32,0.1,6.440137496728991,1.313
647,2022-06-18 04:27:00,0.33,0.1,4.94852457975989,0.79
648,2022-06-18 04:28:00,0.32,0.1,5.698952876658694,0.564
649,2022-06-18 04:29:00,0.63,0.19,7.968767344916652,0.753
650,2022-06-18 04:30:00,0.26,0.08,6.1671499112496795,1.546
651,2022-06-18 04:31:00,0.32,0.1,4.867272146014265,1.217
652,2022-06-18 04:32:00,0.63,0.19,7.6220450636912815,1.219
653,2022-06-18 04:33:00,0.29,0.09,5.8649992821972425,1.059
654,2022-06-18 04:34:00,0.4,0.12,4.147595549154747,1.126
655,2022-06-18 04:35:00,0.74,0.22,9.510216109237783,0.923
656,2022-06-18 04:36:00,0.36,0.11,7.142108717236298,0.473
657,2022-06-18 04:37:00,0.28,0.08,5.778300812116503,1.617
658,2022-06-18 04:38:00,0.23,0.07,6.983384067084381,1.246
659,2022-06-18 04:39:00,0.53,0.16,6.5839698551008805,1.395
660,2022-06-18 04:40:00,0.37,0.11,6.608777293752914,0.428
661,2022-06-18 04:41:00,0.34,0.1,7.808905016292505,0.963
662,2022-06-18 04:42:00,0.55,0.16,6.225566041935858,1.794
663,2022-06-18 04:43:00,0.29,0.09,5.231772788313329,1.76
664,2022-06-18 04:44:00,0.31,0.09,7.210119322611555,0.654
665,2022-06-18 04:45:00,0.59,0.18,6.262000272603728,0.805
666,2022-06-18 04:46:00,0.27,0.08,6.067027396159069,1.237
667,2022-06-18 04:47:00,0.38,0.11,7.453819196342291,0.609
668,2022-06-18 04:48:00,0.25,0.08,5.454807397051289,1.394
669,2022-06-18 04:49:00,0.61,0.18,8.287515291665065,0.473
670,2022-06-18 04:50:00,0.34,0.1,5.871874175885996,0.918
671,2022-06-18 04:51:00,0.37,0.11,5.084610692195719,0.847
672,2022-06-18 04:52:00,0.55,0.16,6.472852242875565,1.238
673,2022-06-18 04:53:00,0.42,0.13,5.763565491781379,1.162
674,2022-06-18 04:54:00,0.21,0.06,5.108530697853366,1.154
675,2022-06-18 04:55:00,0.51,0.15,6.75270229226538,1.134
676,2022-06-18 04:56:00,0.09,0.03,4.50790373659506,1.381
677,2022-06-18 04:57:00,0.45,0.14,7.0372265025722545,0.457
678,2022-06-18 04:58:00,0.58,0.17,7.041472598664161,0.551
679,2022-06-18 04:59:00,0.2,0.06,6.867445966347347,1.391
680,2022-06-18 05:00:00,0.05,0.02,3.983109688087332,0.636
681,2022-06-18 05:01:00,0.85,0.26,11.463987040164941,1.786
682,2022-06-18 05:02:00,0.28,0.08,6.208820189697436,1.633
683,2022-06-18 05:03:00,0.55,0.16,8.97504167729603,1.295
684,2022-06-18 05:04:00,0.54,0.16,7.769214681204955,0.932
685,2022-06-18 05:05:00,0.53,0.16,7.418990448926252,1.23
686,2022-06-18 05:06:00,0.1,0.03,5.262237238070517,0.311
687,2022-06-18 05:07:00,0.55,0.16,8.711465584123124,1.371
688,2022-06-18 05:08:00,0.57,0.17,9.454662854658816,0.619
689,2022-06-18 05:09:00,0.29,0.09,4.495292088779183,1.484
690,2022-06-18 05:10:00,0.5,0.15,6.750484157177928,0.17
691,2022-06-18 05:11:00,0.23,0.07,9.042306907323658,1.686
692,2022-06-18 05:12:00,0.42,0.13,7.218710504453094,2.336
693,2022-06-18 05:13:00,0.22,0.07,5.64162970944799,1.237
694,2022-06-18 05:14:00,0.28,0.08,5.600623904142284,1.894
695,2022-06-18 05:15:00,0.65,0.2,8.3909060337789,1.162
696,2022-06-18 05:16:00,0.23,0.07,7.237644963734502,0.338
697,2022-06-18 05:17:00,0.3,0.09,5.295409275743837,1.414
698,2022-06-18 05:18:00,0.6,0.18,8.50980404047478,1.428
699,2022-06-18 05:19:00,0.16,0.05,7.24075499713875,1.139
700,2022-06-18 05:20:00,0.46,0.14,6.090204597466146,1.029
701,2022-06-18 05:21:00,0.42,0.13,9.165166575304369,0.54
702,2022-06-18 05:22:00,0.69,0.21,8.490099722714843,0.963
703,2022-06-18 05:23:00,0.51,0.15,8.864871058820459,1.555
704,2022-06-18 05:24:00,0.26,0.08,7.154577889550498,1.321
705,2022-06-18 05:25:00,0.49,0.15,8.681715624552087,0.827
706,2022-06-18 05:26:00,0.07,0.02,7.475096093588001,0.852
707,2022-06-18 05:27:00,0.75,0.22,9.155208357248169,1.218
708,2022-06-18 05:28:00,0.32,0.1,6.321878334089433,0.877
709,2022-06-18 05:29:00,0.27,0.08,6.430317140705322,1.328
710,2022-06-18 05:30:00,0.48,0.14,7.913373693784214,1.064
711,2022-06-18 05:31:00,0.2,0.06,5.81053297494483,0.478
712,2022-06-18 05:32:00,0.49,0.15,7.583423435228413,1.802
713,2022-06-18 05:33:00,0.6,0.18,8.755451590090617,0.477
714,2022-06-18 05:34:00,0.07,0.02,6.22233357561177,0.391
715,2022-06-18 05:35:00,0.49,0.15,8.664626259076291,0.59
716,2022-06-18 05:36:00,0.17,0.05,6.612976398180619,0.979
717,2022-06-18 05:37:00,0.54,0.16,7.415849918193956,1.009
718,2022-06-18 05:38:00,0.52,0.16,9.017965818950165,0.287
719,2022-06-18 05:39:00,0.35,0.1,4.043092285830079,2.048
720,2022-06-18 05:40:00,0.47,0.14,5.747539216048717,0.688
721,2022-06-18 05:41:00,0.58,0.17,8.330215657709985,0.891
722,2022-06-18 05:42:00,0.55,0.16,7.125364362987101,1.399
723,2022-06-18 05:43:00,0.13,0.04,5.371586695219848,0.8
724,2022-06-18 05:44:00,0.45,0.14,6.3962415043103595,1.056
725,2022-06-18 05:45:00,0.75,0.22,10.107167225377143,1.289
726,2022-06-18 05:46:00,0.06,0.02,6.282564039188534,1.128
727,2022-06-18 05:49:00,0.94,0.28,10.030854186419125,0.797
728,2022-06-18 05:50:00,1.28,0.38,11.818740301661794,1.79
729,2022-06-18 05:51:00,0.57,0.17,7.228413263968506,1.735
730,2022-06-18 05:52:00,0.37,0.11,7.088779949813392,1.157
731,2022-06-18 05:53:00,0.15,0.04,5.631114570437117,0.845
